标题,作者,阅读量
npm不是内部或外部命令（明明之前能用或者装好了）,rRainyevening,4
GDB交叉编译及远程调试记录-未解决,weixin_43869959,1
毕业设计-数组变换02,weixin_38647056,3
Redis 常用命令解释,walykyy,3
BAT大厂面试涉及的计网面试题都在这里了,qq_35024198,8
前端js入门&mdash;&mdash;JavaScript 转义字符串,fenghulun,2
前端js入门&mdash;&mdash;JavaScript 数据类型,fenghulun,2
CPU执行程序的简单理解,u012351051,5
前端js入门&mdash;&mdash;JavaScript 对象直接量,fenghulun,10
前端js入门&mdash;&mdash;JavaScript function 函数,fenghulun,6
前端js入门&mdash;&mdash;JavaScript 面向对象,fenghulun,7
剑指offer(7) 二叉树的下一个结点,bystc,7
编程语言,u012839973,7
什么是编程,u012839973,12
导入数据,weixin_44563323,7
函数形参与表达式&quot;()&quot;,weixin_43858880,8
剑指offer(6) 重建二叉树,bystc,10
typeof返回哪些数据类型,weixin_43858880,8
Layui监听行单击事件,weixin_44563323,4
剑指offer(5) 从尾到头打印链表,bystc,7
Layui数据表格,weixin_44563323,4
java设计模式列表,weixin_44270782,5
实验七（设计类图）,Whiplash_scau,4
Docker compose,qq_36367420,3
call、apply、bind方法详解,weixin_43858880,5
赚积分有哪些方式方法,weixin_44270782,4
编程英语2,u012839973,7
电商项目介绍面试的时候会问到,weixin_44270782,6
Dockerfile构建go环境,qq_36367420,4
Python文件操作,weixin_45113508,11
剑指offer(4) 替换空格,bystc,1
Dockerfile,qq_36367420,0
实验四（顺序图）,Whiplash_scau,4
InfluxDB 存储策略,d292222100,7
InfluxDB - 数据查询,d292222100,5
InfluxDB - 数据添加,d292222100,6
InfluxDB - 数据库与表管理,d292222100,4
Python匿名函数和递归函数,weixin_45113508,14
编程英语,u012839973,1
Docker安装InfluxDB,d292222100,8
Python 高级语言特性,weixin_45113508,3
InfluxDB笔记,d292222100,18
Python简介,u012839973,1
实验三（分析类图）,Whiplash_scau,6
剑指offer(3) 二维数组中的查找,bystc,2
python3 数据库基本操作及与python的连接,weixin_38636668,67
元组与集合,yjn1995,33
oracle like模糊查询不能走索引？,u014427391,43
Python 练习实例21,qq_43558971,42
Python 练习实例20,qq_43558971,36
Python 练习实例19,qq_43558971,35
Python 练习实例18,qq_43558971,37
如何解决 ImportError: cannot import name downsample,qq_43558971,35
神经网络预测回归模型,qq_43558971,36
Python 练习实例17,qq_43558971,34
Python 练习实例16,qq_43558971,25
Python 练习实例14,qq_43558971,27
Python 练习实例13,qq_43558971,22
Python 练习实例12,qq_43558971,24
face alignment 5个关键点对齐,u011808673,20
活体检测-总结,u011808673,24
face alignment 优化,u011808673,23
Face alignment,u011808673,147
表情识别 [传统方法 VS 深度学习方法],u011808673,186
xgboost,u011808673,94
人脸识别（Face Recognition）,u011808673,20
活体检测 基于光流  基于视频帧,u011808673,4
基于双目摄像头的传统图像处理方法实现活体检测,u011808673,7
六级词汇&mdash;词性变化,wujunlei1595848,9
MTCNN 解读,u011808673,3
可变参数的应用,qq_45083975,1
oracle同义词synonym,qq_40638598,3
oracle索引index,qq_40638598,3
oracle序列sequence,qq_40638598,2
oracle视图view,qq_40638598,5
网络编程入门,qq_45083975,6
oracle约束,qq_40638598,3
TCP通信程序之客户端向服务器（服务器向客户端）发送数据,qq_45083975,8
多线程（五）线程安全问题解决方案（三种）,qq_45083975,4
DDL语句管理表,qq_40638598,4
Java只有值传递，没有引用传递,qq_39217860,78
Github提示fatal: remote error: You can't push to git 解决办法,qq_41378597,40
六级词汇&mdash;形近词,wujunlei1595848,19
机器学习： 提升,Chris_zhangrx,44
RapidJSON简介及使用,fengbingchun,48
PAT 1063 Set Similarity,weixin_42379312,37
oracle事务,qq_40638598,42
python-numpy如何排除nan值进行平均求和的操作,xidianbaby,51
Mybatis学习笔记（二）,qq_42922647,50
leetcode 腾讯精选练习（50 题）122.买卖股票的最佳时机 II,m0_37991005,52
linux+live555搭建rtsp服务器,dongdong_csdn,26
[笔记]Modern CMake 2：基本介绍,chlk118,42
0101PHOTOSHOP第一式珠联璧合-图像合成,wb4916,40
"Inceptionv1,v2,v3,v4",weixin_41012399,16
小程序 获取当前所在地理位置 城市 信息,solocao,15
oracle数据处理,qq_40638598,34
相关[SetPropertiesRule]{Server/Service/Engine/Host/Context} Setting property 'source' to 'org.eclip,qq_41206234,35
积木创意：&ldquo;美业+互联网&rdquo;还是伪命题吗？,Gymoo_Creative,34
kafka2.0系列之(3) 基于Centos7.6安装Zookeeper,tengxing007,34
Windows 下安装并配置Maven,qq_39674002,30
